userName,friendCount,totalReviews,meanStarsGiven
Walker,14995,2,5.0
Ruggy,12395,4,3.5
Randy,11026,5,3.8
Scott,10366,1,4.0
Steven,10072,48,3.4583333333333344
Katie,9390,3,3.6666666666666665
Danny,9217,3,4.0
Rob,8989,1,4.0
Abby,8858,41,3.8536585365853657
Rodney,8809,5,4.4